doc_id,file_path,title,source_url,retrieved_at,document_version,license_or_permission
undergraduate-scholarship,data/scholarships/undergraduate-scholarship.md,UEH Scholarship Review Implementation Plan for 2026 - Administrative Procedures,https://dsa.ueh.edu.vn/tin-tuc/kh-xet-hb-ueh-2026/,2026-09-19,not-stated,public-source
graduate-scholarship,data/scholarships/graduate-scholarship.md,Academic Merit Scholarship Review - First Semester 2026 (Based on Academic and Conduct Results from the Final Semester of 2025),https://dsa.ueh.edu.vn/tin-tuc/tb1-kkht-hkd2026/,2026-09-19,not-stated,public-source
masters-science-technology-scholarship,data/scholarships/masters-science-technology-scholarship.md,Announcement of the VAS Scholarship Program - Elevating the Vietnamese Spirit 2026,https://dsa.ueh.edu.vn/tin-tuc/hoc-bong-vas-vuon-cao-tinh-than-viet-nam-2026/,2026-09-19,not-stated,public-source
student-financial-aid,data/scholarships/student-financial-aid.md,Mathematics Scholarship Program for Students - Semester I of Academic Year 2026-2027,https://dsa.ueh.edu.vn/tin-tuc/ve-chuong-trinh-hoc-bong-sinh-vien-nganh-toan-hoc-hoc-ky-i-nam-2026-2027/,2026-09-19,not-stated,public-source
masters-scholarship,data/scholarships/masters-scholarship.md,Announcement of the UEH Study Support Scholarship Program - Final Semester 2026 for Incoming Cohort 52 Full-Time Undergraduate Students,https://dsa.ueh.edu.vn/hoc-bong/htht-hkc2026-k52dhcq/,2026-09-19,not-stated,public-source
undergraduate-scholarship-page,data/scholarships/undergraduate-scholarship-page.md,UEH Study Support Scholarship - First Semester 2026 for Full-Time Undergraduate Cohorts 48 to 51,https://dsa.ueh.edu.vn/hoc-bong/htht-hkd2026-dhcq/,2026-09-19,not-stated,public-source
student-support-page,data/scholarships/student-support-page.md,UEH Study Support Scholarship - First Semester 2026 for Full-Time Degree Completion and Part-Time Students,https://dsa.ueh.edu.vn/hoc-bong/hoc-bong-ho-tro-hoc-tap/he-ltcq-vlvh_thong-bao-ve-chuong-trinh-hoc-bong-ho-tro-hoc-tap-ueh-hoc-ky-dau-2026-danh-cho-sinh-vien-lien-thong-chinh-quy-vua-lam-vua-hoc/,2026-09-19,not-stated,public-source
undergraduate-scholarship-info,data/scholarships/undergraduate-scholarship-info.md,Rong Viet Scholarship Program - Giving Wings to Dreams 2026,https://dsa.ueh.edu.vn/tin-tuc/hoc-bong-rong-viet-chap-canh-uoc-mo-nam-2026/,2026-09-19,not-stated,public-source
graduate-support-page,data/scholarships/graduate-support-page.md,UEH Academic Merit Scholarship 2026 - Student Bonus Point Submission,https://dsa.ueh.edu.vn/tin-tuc/kh-xet-hb-ueh-2026/,2026-09-19,not-stated,public-source
